Overall,PlayerUrl
1,http://www.eliteprospects.com/player.php?player=3663
2,http://www.eliteprospects.com/player.php?player=3664
3,http://www.eliteprospects.com/player.php?player=3665
4,http://www.eliteprospects.com/player.php?player=8622
5,http://www.eliteprospects.com/player.php?player=8857
6,http://www.eliteprospects.com/player.php?player=8764
7,http://www.eliteprospects.com/player.php?player=339
8,http://www.eliteprospects.com/player.php?player=10221
9,http://www.eliteprospects.com/player.php?player=9023
10,http://www.eliteprospects.com/player.php?player=8648
11,http://www.eliteprospects.com/player.php?player=9561
12,http://www.eliteprospects.com/player.php?player=9555
13,http://www.eliteprospects.com/player.php?player=9037
14,http://www.eliteprospects.com/player.php?player=8710
15,http://www.eliteprospects.com/player.php?player=21005
16,http://www.eliteprospects.com/player.php?player=4532
17,http://www.eliteprospects.com/player.php?player=9353
18,http://www.eliteprospects.com/player.php?player=8939
19,http://www.eliteprospects.com/player.php?player=8716
20,http://www.eliteprospects.com/player.php?player=8591
21,http://www.eliteprospects.com/player.php?player=8660
22,http://www.eliteprospects.com/player.php?player=9038
23,http://www.eliteprospects.com/player.php?player=11028
24,http://www.eliteprospects.com/player.php?player=9092
25,http://www.eliteprospects.com/player.php?player=8944
26,http://www.eliteprospects.com/player.php?player=8898
27,http://www.eliteprospects.com/player.php?player=461
28,http://www.eliteprospects.com/player.php?player=4506
29,http://www.eliteprospects.com/player.php?player=69
30,http://www.eliteprospects.com/player.php?player=9385
31,http://www.eliteprospects.com/player.php?player=9558
32,http://www.eliteprospects.com/player.php?player=7503
33,http://www.eliteprospects.com/player.php?player=8597
34,http://www.eliteprospects.com/player.php?player=9562
35,http://www.eliteprospects.com/player.php?player=8830
36,http://www.eliteprospects.com/player.php?player=355
37,http://www.eliteprospects.com/player.php?player=9052
38,http://www.eliteprospects.com/player.php?player=9642
39,http://www.eliteprospects.com/player.php?player=3183
40,http://www.eliteprospects.com/player.php?player=9156
41,http://www.eliteprospects.com/player.php?player=3189
42,http://www.eliteprospects.com/player.php?player=10854
43,http://www.eliteprospects.com/player.php?player=8769
44,http://www.eliteprospects.com/player.php?player=8524
45,http://www.eliteprospects.com/player.php?player=59468
46,http://www.eliteprospects.com/player.php?player=8895
47,http://www.eliteprospects.com/player.php?player=9521
48,http://www.eliteprospects.com/player.php?player=39313
49,http://www.eliteprospects.com/player.php?player=354
50,http://www.eliteprospects.com/player.php?player=9554
51,http://www.eliteprospects.com/player.php?player=9446
52,http://www.eliteprospects.com/player.php?player=12253
53,http://www.eliteprospects.com/player.php?player=19111
54,http://www.eliteprospects.com/player.php?player=726
55,http://www.eliteprospects.com/player.php?player=8840
56,http://www.eliteprospects.com/player.php?player=9602
57,http://www.eliteprospects.com/player.php?player=11515
58,http://www.eliteprospects.com/player.php?player=59476
59,http://www.eliteprospects.com/player.php?player=7605
60,http://www.eliteprospects.com/player.php?player=11510
61,http://www.eliteprospects.com/player.php?player=9632
62,http://www.eliteprospects.com/player.php?player=8778
63,http://www.eliteprospects.com/player.php?player=12550
64,http://www.eliteprospects.com/player.php?player=8663
65,http://www.eliteprospects.com/player.php?player=29020
66,http://www.eliteprospects.com/player.php?player=3188
67,http://www.eliteprospects.com/player.php?player=15090
68,http://www.eliteprospects.com/player.php?player=305
69,http://www.eliteprospects.com/player.php?player=61675
70,http://www.eliteprospects.com/player.php?player=742
71,http://www.eliteprospects.com/player.php?player=13797
72,http://www.eliteprospects.com/player.php?player=632
73,http://www.eliteprospects.com/player.php?player=12285
74,http://www.eliteprospects.com/player.php?player=12250
75,http://www.eliteprospects.com/player.php?player=10313
76,http://www.eliteprospects.com/player.php?player=8922
77,http://www.eliteprospects.com/player.php?player=59477
78,http://www.eliteprospects.com/player.php?player=9641
79,http://www.eliteprospects.com/player.php?player=15949
80,http://www.eliteprospects.com/player.php?player=10253
81,http://www.eliteprospects.com/player.php?player=12452
82,http://www.eliteprospects.com/player.php?player=15249
83,http://www.eliteprospects.com/player.php?player=60498
84,http://www.eliteprospects.com/player.php?player=11929
85,http://www.eliteprospects.com/player.php?player=9685
86,http://www.eliteprospects.com/player.php?player=7798
87,http://www.eliteprospects.com/player.php?player=25698
88,http://www.eliteprospects.com/player.php?player=8870
89,http://www.eliteprospects.com/player.php?player=10217
90,http://www.eliteprospects.com/player.php?player=11484
91,http://www.eliteprospects.com/player.php?player=15025
92,http://www.eliteprospects.com/player.php?player=60775
93,http://www.eliteprospects.com/player.php?player=15257
94,http://www.eliteprospects.com/player.php?player=18845
95,http://www.eliteprospects.com/player.php?player=8964
96,http://www.eliteprospects.com/player.php?player=60777
97,http://www.eliteprospects.com/player.php?player=745
98,http://www.eliteprospects.com/player.php?player=510
99,http://www.eliteprospects.com/player.php?player=9452
100,http://www.eliteprospects.com/player.php?player=55443
101,http://www.eliteprospects.com/player.php?player=3194
102,http://www.eliteprospects.com/player.php?player=116
103,http://www.eliteprospects.com/player.php?player=9453
104,http://www.eliteprospects.com/player.php?player=9451
105,http://www.eliteprospects.com/player.php?player=18562
106,http://www.eliteprospects.com/player.php?player=21700
107,http://www.eliteprospects.com/player.php?player=11547
108,http://www.eliteprospects.com/player.php?player=12724
109,http://www.eliteprospects.com/player.php?player=345
110,http://www.eliteprospects.com/player.php?player=11610
111,http://www.eliteprospects.com/player.php?player=36584
112,http://www.eliteprospects.com/player.php?player=27991
113,http://www.eliteprospects.com/player.php?player=8096
114,http://www.eliteprospects.com/player.php?player=10884
115,http://www.eliteprospects.com/player.php?player=17937
116,http://www.eliteprospects.com/player.php?player=7930
117,http://www.eliteprospects.com/player.php?player=3185
118,http://www.eliteprospects.com/player.php?player=8592
119,http://www.eliteprospects.com/player.php?player=11569
120,http://www.eliteprospects.com/player.php?player=11980
121,http://www.eliteprospects.com/player.php?player=17798
122,http://www.eliteprospects.com/player.php?player=34272
123,http://www.eliteprospects.com/player.php?player=11517
124,http://www.eliteprospects.com/player.php?player=8946
125,http://www.eliteprospects.com/player.php?player=15899
126,http://www.eliteprospects.com/player.php?player=807
127,http://www.eliteprospects.com/player.php?player=50296
128,http://www.eliteprospects.com/player.php?player=19122
129,http://www.eliteprospects.com/player.php?player=12877
130,http://www.eliteprospects.com/player.php?player=60793
131,http://www.eliteprospects.com/player.php?player=11554
132,http://www.eliteprospects.com/player.php?player=9179
133,http://www.eliteprospects.com/player.php?player=1797
134,http://www.eliteprospects.com/player.php?player=12210
135,http://www.eliteprospects.com/player.php?player=60843
136,http://www.eliteprospects.com/player.php?player=18844
137,http://www.eliteprospects.com/player.php?player=11734
138,http://www.eliteprospects.com/player.php?player=60902
139,http://www.eliteprospects.com/player.php?player=19565
140,http://www.eliteprospects.com/player.php?player=12617
141,http://www.eliteprospects.com/player.php?player=22615
142,http://www.eliteprospects.com/player.php?player=24736
143,http://www.eliteprospects.com/player.php?player=60903
144,http://www.eliteprospects.com/player.php?player=44320
145,http://www.eliteprospects.com/player.php?player=11730
146,http://www.eliteprospects.com/player.php?player=10992
147,http://www.eliteprospects.com/player.php?player=60904
148,http://www.eliteprospects.com/player.php?player=85
149,http://www.eliteprospects.com/player.php?player=9556
150,http://www.eliteprospects.com/player.php?player=60905
151,http://www.eliteprospects.com/player.php?player=60906
152,http://www.eliteprospects.com/player.php?player=15112
153,http://www.eliteprospects.com/player.php?player=60909
154,http://www.eliteprospects.com/player.php?player=10644
155,http://www.eliteprospects.com/player.php?player=8535
156,http://www.eliteprospects.com/player.php?player=10220
157,http://www.eliteprospects.com/player.php?player=10503
158,http://www.eliteprospects.com/player.php?player=60914
159,http://www.eliteprospects.com/player.php?player=8734
160,http://www.eliteprospects.com/player.php?player=17101
161,http://www.eliteprospects.com/player.php?player=55438
162,http://www.eliteprospects.com/player.php?player=16744
163,http://www.eliteprospects.com/player.php?player=12249
164,http://www.eliteprospects.com/player.php?player=11978
165,http://www.eliteprospects.com/player.php?player=11979
166,http://www.eliteprospects.com/player.php?player=8874
167,http://www.eliteprospects.com/player.php?player=13414
168,http://www.eliteprospects.com/player.php?player=1952
169,http://www.eliteprospects.com/player.php?player=49211
170,http://www.eliteprospects.com/player.php?player=9449
171,http://www.eliteprospects.com/player.php?player=8252
172,http://www.eliteprospects.com/player.php?player=60991
173,http://www.eliteprospects.com/player.php?player=8068
174,http://www.eliteprospects.com/player.php?player=2668
175,http://www.eliteprospects.com/player.php?player=9638
176,http://www.eliteprospects.com/player.php?player=2709
177,http://www.eliteprospects.com/player.php?player=11977
178,http://www.eliteprospects.com/player.php?player=16723
179,http://www.eliteprospects.com/player.php?player=58017
180,http://www.eliteprospects.com/player.php?player=9056
181,http://www.eliteprospects.com/player.php?player=7619
182,http://www.eliteprospects.com/player.php?player=60994
183,http://www.eliteprospects.com/player.php?player=10635
184,http://www.eliteprospects.com/player.php?player=21101
185,http://www.eliteprospects.com/player.php?player=9382
186,http://www.eliteprospects.com/player.php?player=14999
187,http://www.eliteprospects.com/player.php?player=102
188,http://www.eliteprospects.com/player.php?player=60997
189,http://www.eliteprospects.com/player.php?player=13559
190,http://www.eliteprospects.com/player.php?player=12254
191,http://www.eliteprospects.com/player.php?player=55441
192,http://www.eliteprospects.com/player.php?player=28514
193,http://www.eliteprospects.com/player.php?player=43909
194,http://www.eliteprospects.com/player.php?player=13406
195,http://www.eliteprospects.com/player.php?player=18379
196,http://www.eliteprospects.com/player.php?player=18378
197,http://www.eliteprospects.com/player.php?player=10870
198,http://www.eliteprospects.com/player.php?player=15121
199,http://www.eliteprospects.com/player.php?player=12761
200,http://www.eliteprospects.com/player.php?player=3213
201,http://www.eliteprospects.com/player.php?player=18377
202,http://www.eliteprospects.com/player.php?player=11560
203,http://www.eliteprospects.com/player.php?player=11976
204,http://www.eliteprospects.com/player.php?player=61168
205,http://www.eliteprospects.com/player.php?player=286
206,http://www.eliteprospects.com/player.php?player=462
207,http://www.eliteprospects.com/player.php?player=12848
208,http://www.eliteprospects.com/player.php?player=9526
209,http://www.eliteprospects.com/player.php?player=3192
210,http://www.eliteprospects.com/player.php?player=61172
211,http://www.eliteprospects.com/player.php?player=12019
212,http://www.eliteprospects.com/player.php?player=303
213,http://www.eliteprospects.com/player.php?player=18376
214,http://www.eliteprospects.com/player.php?player=18375
215,http://www.eliteprospects.com/player.php?player=8999
216,http://www.eliteprospects.com/player.php?player=46603
217,http://www.eliteprospects.com/player.php?player=18374
218,http://www.eliteprospects.com/player.php?player=61176
219,http://www.eliteprospects.com/player.php?player=3220
220,http://www.eliteprospects.com/player.php?player=8808
221,http://www.eliteprospects.com/player.php?player=11975
222,http://www.eliteprospects.com/player.php?player=18371
223,http://www.eliteprospects.com/player.php?player=18350
224,http://www.eliteprospects.com/player.php?player=2698
225,http://www.eliteprospects.com/player.php?player=18348
226,http://www.eliteprospects.com/player.php?player=61182
227,http://www.eliteprospects.com/player.php?player=12252
228,http://www.eliteprospects.com/player.php?player=663
229,http://www.eliteprospects.com/player.php?player=15241
230,http://www.eliteprospects.com/player.php?player=3236
231,http://www.eliteprospects.com/player.php?player=14079
232,http://www.eliteprospects.com/player.php?player=3674
233,http://www.eliteprospects.com/player.php?player=19474
234,http://www.eliteprospects.com/player.php?player=7420
235,http://www.eliteprospects.com/player.php?player=9022
236,http://www.eliteprospects.com/player.php?player=245
237,http://www.eliteprospects.com/player.php?player=10849
238,http://www.eliteprospects.com/player.php?player=61185
239,http://www.eliteprospects.com/player.php?player=18321
240,http://www.eliteprospects.com/player.php?player=11519
241,http://www.eliteprospects.com/player.php?player=10689
242,http://www.eliteprospects.com/player.php?player=61186
243,http://www.eliteprospects.com/player.php?player=3191
244,http://www.eliteprospects.com/player.php?player=61187
245,http://www.eliteprospects.com/player.php?player=12780
246,http://www.eliteprospects.com/player.php?player=11753
247,http://www.eliteprospects.com/player.php?player=15341
248,http://www.eliteprospects.com/player.php?player=15119
249,http://www.eliteprospects.com/player.php?player=3223
250,http://www.eliteprospects.com/player.php?player=18518
251,http://www.eliteprospects.com/player.php?player=13631
252,http://www.eliteprospects.com/player.php?player=10999
253,http://www.eliteprospects.com/player.php?player=61189
254,http://www.eliteprospects.com/player.php?player=18320
255,http://www.eliteprospects.com/player.php?player=6042
256,http://www.eliteprospects.com/player.php?player=3225
257,http://www.eliteprospects.com/player.php?player=15330
258,http://www.eliteprospects.com/player.php?player=22627
259,http://www.eliteprospects.com/player.php?player=12479
260,http://www.eliteprospects.com/player.php?player=22137
261,http://www.eliteprospects.com/player.php?player=1839
262,http://www.eliteprospects.com/player.php?player=15658
263,http://www.eliteprospects.com/player.php?player=12660
264,http://www.eliteprospects.com/player.php?player=18319
265,http://www.eliteprospects.com/player.php?player=9123
266,http://www.eliteprospects.com/player.php?player=18318
267,http://www.eliteprospects.com/player.php?player=2659
268,http://www.eliteprospects.com/player.php?player=18317
269,http://www.eliteprospects.com/player.php?player=12255
270,http://www.eliteprospects.com/player.php?player=8062
271,http://www.eliteprospects.com/player.php?player=10822
272,http://www.eliteprospects.com/player.php?player=24113
273,http://www.eliteprospects.com/player.php?player=13654
274,http://www.eliteprospects.com/player.php?player=9598
275,http://www.eliteprospects.com/player.php?player=18316
276,http://www.eliteprospects.com/player.php?player=61190
277,http://www.eliteprospects.com/player.php?player=61191
278,http://www.eliteprospects.com/player.php?player=18315
279,http://www.eliteprospects.com/player.php?player=187
280,http://www.eliteprospects.com/player.php?player=11974
281,http://www.eliteprospects.com/player.php?player=5873
282,http://www.eliteprospects.com/player.php?player=3244
283,http://www.eliteprospects.com/player.php?player=61192
284,http://www.eliteprospects.com/player.php?player=12643
285,http://www.eliteprospects.com/player.php?player=11973
286,http://www.eliteprospects.com/player.php?player=9672
287,http://www.eliteprospects.com/player.php?player=18314
288,http://www.eliteprospects.com/player.php?player=83450
289,http://www.eliteprospects.com/player.php?player=71
290,http://www.eliteprospects.com/player.php?player=10315
291,http://www.eliteprospects.com/player.php?player=28082
292,http://www.eliteprospects.com/player.php?player=18313
293,http://www.eliteprospects.com/player.php?player=3304
